{
  "controller/Main-dbg.controller.js": 1629880100071,
  "Component.js": 1629878931639,
  "Component-changes.json": 1629880125780,
  "model/models.js": 1629878931639,
  "controller/Main.controller.js": 1629880100071,
  "manifest.json": 1630046887945,
  "manifest-bundle.zip": 1630046887525,
  "Component-preload.js": 1630046887905,
  "Component-dbg.js": 1629878931639,
  "i18n/i18n.properties": 1629879505317,
  "model/models-dbg.js": 1629878931639,
  "resources.json": 1630046887948,
  "view/Main.view.xml": 1629879970153,
  "css/style.css": 1629878931639,
  "index.html": 1629880512422
}