{
  "i18n/i18n.properties": 1622363370046,
  "model/models.js": 1618953616764,
  "manifest.json": 1622369401993,
  "controller/View1.controller.js": 1622369326716,
  "Component.js": 1618953616764,
  "manifest-bundle.zip": 1622369401658,
  "Component-preload.js": 1622369401957,
  "controller/View1-dbg.controller.js": 1622369326716,
  "model/models-dbg.js": 1618953616764,
  "Component-dbg.js": 1618953616764,
  "resources.json": 1622369401996,
  "view/View1.view.xml": 1618953616768,
  "css/style.css": 1618953616764,
  "index.html": 1618953616764
}