{
  "i18n/i18n.properties": 1618953616764,
  "model/models.js": 1618953616764,
  "manifest.json": 1621073826264,
  "controller/View1.controller.js": 1621070743433,
  "Component.js": 1618953616764,
  "manifest-bundle.zip": 1621073825982,
  "Component-preload.js": 1621073826231,
  "controller/View1-dbg.controller.js": 1621070743433,
  "model/models-dbg.js": 1618953616764,
  "Component-dbg.js": 1618953616764,
  "resources.json": 1621073826267,
  "view/View1.view.xml": 1618953616768,
  "css/style.css": 1618953616764,
  "index.html": 1618953616764
}