{
  "model/models-dbg.js": 1623928919979,
  "Component-changes.json": 1623992582040,
  "manifest.json": 1623992660605,
  "model/models.js": 1623928919979,
  "controller/View1.controller.js": 1623928919975,
  "Component.js": 1623928919975,
  "manifest-bundle.zip": 1623992659751,
  "Component-preload.js": 1623992660548,
  "controller/View1-dbg.controller.js": 1623928919975,
  "i18n/i18n.properties": 1623933557471,
  "Component-dbg.js": 1623928919975,
  "resources.json": 1623992660608,
  "view/View1.view.xml": 1623935837663,
  "css/style.css": 1623928919975,
  "index.html": 1623928919975
}