{
  "welcomeFile": "/index.html",
  "authenticationMethod": "route",
  "logout": {
    "logoutEndpoint": "/do/logout"
  },
  "routes": [
    {
      "authenticationType": "xsuaa",
      "source": "^/RestCountries/(.*)$",
      "destination": "RestCountries",
      "target": "$1"
    },
    {
      "authenticationType": "xsuaa",
      "csrfProtection": false,
      "source": "^/Northwind/(.*)$",
      "destination": "Northwind",
      "target": "$1"
    },
    {
      "source": "^(.*)$",
      "target": "$1",
      "service": "html5-apps-repo-rt",
      "authenticationType": "xsuaa"
    }
  ]
}