{
  "i18n/i18n.properties": 1623933557471,
  "Component.js": 1626077246059,
  "Component-changes.json": 1623992582040,
  "model/models.js": 1623928919979,
  "controller/View1.controller.js": 1626673555811,
  "manifest.json": 1626684012007,
  "manifest-bundle.zip": 1626684011672,
  "Component-preload.js": 1626684011963,
  "model/models-dbg.js": 1623928919979,
  "controller/View1-dbg.controller.js": 1626673555811,
  "Component-dbg.js": 1626077246059,
  "resources.json": 1626684012010,
  "view/View1.view.xml": 1623935837663,
  "css/style.css": 1623928919975,
  "index.html": 1626676282899
}