{
  "manifest.json": 1630046882780,
  "model/models.js": 1623928919979,
  "Component-changes.json": 1623992582040,
  "i18n/i18n.properties": 1623933557471,
  "controller/View1.controller.js": 1629819008502,
  "Component.js": 1626077246059,
  "manifest-bundle.zip": 1630046882280,
  "Component-preload.js": 1630046882725,
  "Component-dbg.js": 1626077246059,
  "controller/View1-dbg.controller.js": 1629819008502,
  "model/models-dbg.js": 1623928919979,
  "resources.json": 1630046882784,
  "view/View1.view.xml": 1629818461082,
  "css/style.css": 1623928919975,
  "index.html": 1626676282899
}