{
  "Component-dbg.js": 1618953616764,
  "controller/View1.controller.js": 1619972645720,
  "model/models.js": 1618953616764,
  "manifest.json": 1620979334473,
  "Component.js": 1618953616764,
  "manifest-bundle.zip": 1620979334120,
  "Component-preload.js": 1620979334440,
  "controller/View1-dbg.controller.js": 1619972645720,
  "model/models-dbg.js": 1618953616764,
  "i18n/i18n.properties": 1618953616764,
  "resources.json": 1620979334476,
  "view/View1.view.xml": 1618953616768,
  "css/style.css": 1618953616764,
  "index.html": 1618953616764
}