{
  "Component-dbg.js": 1626077246059,
  "manifest.json": 1626090767343,
  "Component-changes.json": 1623992582040,
  "model/models.js": 1623928919979,
  "controller/View1.controller.js": 1626089772419,
  "Component.js": 1626077246059,
  "manifest-bundle.zip": 1626090766923,
  "Component-preload.js": 1626090767304,
  "controller/View1-dbg.controller.js": 1626089772419,
  "model/models-dbg.js": 1623928919979,
  "i18n/i18n.properties": 1623933557471,
  "resources.json": 1626090767346,
  "view/View1.view.xml": 1623935837663,
  "css/style.css": 1623928919975,
  "index.html": 1626070753049
}