{
  "manifest.json": 1618955241002,
  "i18n/i18n.properties": 1618953616764,
  "model/models.js": 1618953616764,
  "controller/View1.controller.js": 1618955156049,
  "Component.js": 1618953616764,
  "manifest-bundle.zip": 1618955240678,
  "Component-preload.js": 1618955240968,
  "controller/View1-dbg.controller.js": 1618955156049,
  "model/models-dbg.js": 1618953616764,
  "Component-dbg.js": 1618953616764,
  "resources.json": 1618955241005,
  "view/View1.view.xml": 1618953616768,
  "css/style.css": 1618953616764,
  "index.html": 1618953616764
}