{
  "welcomeFile": "/index.html",
  "authenticationMethod": "route",
  "logout": {
    "logoutEndpoint": "/do/logout"
  },
  "routes": [
    {
      "authenticationType": "none",
      "source": "^/RestCountries/(.*)$",
      "destination": "RestCountries",
      "target": "$1"
    },
    {
      "authenticationType": "xsuaa",
      "csrfProtection": false,
      "source": "^/Northwind/(.*)$",
      "destination": "Northwind",
      "target": "$1"
    },
    {
      "source": "^(.*)$",
      "target": "$1",
      "service": "html5-apps-repo-rt",
      "authenticationType": "xsuaa"
    },
    {
	"source": "^/keyuser/(.*)$",
	"target": "$1",
	"service": "com.sap.ui.flex.cf.keyuser",
	"endpoint": "keyuser"
    }
  ]
}