{
  "controller/App.controller.js": 1623928919975,
  "manifest.json": 1626090755930,
  "model/models.js": 1623928919975,
  "controller/Home.controller.js": 1623928919975,
  "i18n/i18n.properties": 1623928919975,
  "controller/Admin.controller.js": 1623928919975,
  "Component.js": 1623928919975,
  "manifest-bundle.zip": 1626090755549,
  "Component-preload.js": 1626090755880,
  "model/models-dbg.js": 1623928919975,
  "controller/Home-dbg.controller.js": 1623928919975,
  "controller/App-dbg.controller.js": 1623928919975,
  "controller/Admin-dbg.controller.js": 1623928919975,
  "Component-dbg.js": 1623928919975,
  "resources.json": 1626090755933,
  "view/Home.view.xml": 1623928919975,
  "view/App.view.xml": 1623928919975,
  "view/Admin.view.xml": 1623928919975,
  "view/AddPlayer.fragment.xml": 1623928919975,
  "view/AddGame.fragment.xml": 1623928919975,
  "css/style.css": 1623928919975,
  "index.html": 1623928919975
}