{
  "resources.json": 1626676570415,
  "Component.js": 1623928919975,
  "model/models.js": 1623928919975,
  "controller/Home.controller.js": 1623928919975,
  "controller/App.controller.js": 1623928919975,
  "controller/Admin.controller.js": 1623928919975,
  "manifest.json": 1626676570412,
  "manifest-bundle.zip": 1626676570014,
  "Component-preload.js": 1626676570366,
  "model/models-dbg.js": 1623928919975,
  "controller/Home-dbg.controller.js": 1623928919975,
  "controller/App-dbg.controller.js": 1623928919975,
  "controller/Admin-dbg.controller.js": 1623928919975,
  "Component-dbg.js": 1623928919975,
  "i18n/i18n.properties": 1623928919975,
  "view/Home.view.xml": 1623928919975,
  "view/App.view.xml": 1623928919975,
  "view/Admin.view.xml": 1623928919975,
  "view/AddPlayer.fragment.xml": 1623928919975,
  "view/AddGame.fragment.xml": 1623928919975,
  "css/style.css": 1623928919975,
  "index.html": 1623928919975
}