{
  "model/models.js": 1623928919979,
  "i18n/i18n.properties": 1623928919979,
  "manifest.json": 1623992655495,
  "controller/Home.controller.js": 1623928919979,
  "Component.js": 1623928919979,
  "manifest-bundle.zip": 1623992655201,
  "Component-preload.js": 1623992655455,
  "controller/Home-dbg.controller.js": 1623928919979,
  "model/models-dbg.js": 1623928919979,
  "Component-dbg.js": 1623928919979,
  "resources.json": 1623992655497,
  "view/Home.view.xml": 1623928919979,
  "css/style.css": 1623928919979,
  "index.html": 1623928919979
}