{
  "Component-dbg.js": 1623928919979,
  "controller/Home.controller.js": 1623928919979,
  "model/models.js": 1623928919979,
  "manifest.json": 1626090760662,
  "Component.js": 1623928919979,
  "manifest-bundle.zip": 1626090759975,
  "Component-preload.js": 1626090760597,
  "i18n/i18n.properties": 1623928919979,
  "controller/Home-dbg.controller.js": 1623928919979,
  "model/models-dbg.js": 1623928919979,
  "resources.json": 1626090760665,
  "view/Home.view.xml": 1623928919979,
  "css/style.css": 1623928919979,
  "index.html": 1623928919979
}