{
  "Component-dbg.js": 1623928919979,
  "controller/Home.controller.js": 1623928919979,
  "model/models.js": 1623928919979,
  "manifest.json": 1629819108777,
  "Component.js": 1623928919979,
  "manifest-bundle.zip": 1629819108389,
  "Component-preload.js": 1629819108733,
  "model/models-dbg.js": 1623928919979,
  "controller/Home-dbg.controller.js": 1623928919979,
  "i18n/i18n.properties": 1623928919979,
  "resources.json": 1629819108779,
  "view/Home.view.xml": 1623928919979,
  "css/style.css": 1623928919979,
  "index.html": 1623928919979
}