{
  "model/models-dbg.js": 1618771397697,
  "Component.js": 1618771397697,
  "model/models.js": 1618771397697,
  "controller/Home.controller.js": 1618808237603,
  "manifest.json": 1618955236964,
  "manifest-bundle.zip": 1618955236654,
  "Component-preload.js": 1618955236929,
  "controller/Home-dbg.controller.js": 1618808237603,
  "i18n/i18n.properties": 1618808110119,
  "Component-dbg.js": 1618771397697,
  "resources.json": 1618955236967,
  "view/Home.view.xml": 1618808148127,
  "css/style.css": 1618771397697,
  "index.html": 1618771397697
}