{
  "view/Home.view.xml": 1623928919979,
  "controller/Home.controller.js": 1623928919979,
  "model/models.js": 1623928919979,
  "manifest.json": 1626676575164,
  "Component.js": 1623928919979,
  "manifest-bundle.zip": 1626676574792,
  "Component-preload.js": 1626676575123,
  "controller/Home-dbg.controller.js": 1623928919979,
  "model/models-dbg.js": 1623928919979,
  "Component-dbg.js": 1623928919979,
  "resources.json": 1626676575166,
  "i18n/i18n.properties": 1623928919979,
  "css/style.css": 1623928919979,
  "index.html": 1623928919979
}