{
  "css/style.css": 1614339614053,
  "controller/Home.controller.js": 1614431833897,
  "model/models.js": 1614339614057,
  "manifest.json": 1614454770042,
  "controller/App.controller.js": 1614432626603,
  "controller/Admin.controller.js": 1614454561106,
  "Component.js": 1614339614053,
  "manifest-bundle.zip": 1614454769816,
  "Component-preload.js": 1614454769994,
  "model/models-dbg.js": 1614339614057,
  "controller/Home-dbg.controller.js": 1614431833897,
  "controller/App-dbg.controller.js": 1614432626603,
  "controller/Admin-dbg.controller.js": 1614454561106,
  "Component-dbg.js": 1614339614053,
  "resources.json": 1614454770045,
  "view/Home.view.xml": 1614432723515,
  "view/App.view.xml": 1614445227066,
  "view/Admin.view.xml": 1614445363818,
  "view/AddPlayer.fragment.xml": 1614440552654,
  "view/AddGame.fragment.xml": 1614449859548,
  "i18n/i18n.properties": 1614431340058,
  "index.html": 1614339614053
}